{
    "total_mass": 276.25059238832085,
    "mass_ratio": 0.6559756751248991,
    "luminosity_distance": 3793.173,
    "inclination": 0.7767683450896025,
    "a_1": 0.0511310418336262,
    "a_2": 0.9683943599823904,
    "eccentricity": 0.1,
    "declination": -1.1471450454250836,
    "phase": -1.0479241336311285,
    "right_ascension": 0.1736527114974517,
    "polarization": 0.5249406007397853,
    "mean_anomaly": 1.3444611600849128,
    "spin1_x": 0.0,
    "spin1_y": 0.0,
    "spin1_z": -0.0511310418336262,
    "spin2_x": 0.0,
    "spin2_y": 0.0,
    "spin2_z": 0.9683943599823904,
    "geocenter_time": 1242442967.4045062,
    "theta_jn": 0.7767683450896025,
    "phi_jl": 0.0,
    "tilt_1": 3.141592653589793,
    "tilt_2": 0.0,
    "phi_12": 0.0,
    "mass_1": 166.82044098714502,
    "mass_2": 109.43015140117583,
    "chi_effective": 0.3527298806481027,
    "chi_precessing": 6.261746671861973e-18,
    "f_ref": 11
}
