{"H1_matched_filter_abs_snr": 8.085681241130139, "H1_matched_filter_snr_angle": 0.12767585597555298, "H1_optimal_snr": 7.953325414767825, "H1_spcal_amp_0": -0.017465435687323685, "H1_spcal_amp_1": -0.02098442220826521, "H1_spcal_amp_2": 0.019836682085431726, "H1_spcal_amp_3": 0.005995128517688377, "H1_spcal_amp_4": 0.007978015175537602, "H1_spcal_amp_5": -0.028664524654147688, "H1_spcal_amp_6": -0.007767779863207395, "H1_spcal_amp_7": -0.010671938014826467, "H1_spcal_amp_8": -0.0015850606599465116, "H1_spcal_amp_9": 0.008924813443877466, "H1_spcal_phase_0": -0.04809806136749254, "H1_spcal_phase_1": -0.014655972694459438, "H1_spcal_phase_2": 0.015911732628011686, "H1_spcal_phase_3": 0.007724531812214234, "H1_spcal_phase_4": -0.002083963886063505, "H1_spcal_phase_5": -0.015277913300412253, "H1_spcal_phase_6": -0.011952795091566014, "H1_spcal_phase_7": 0.006208903465165827, "H1_spcal_phase_8": -0.0031957481102744987, "H1_spcal_phase_9": 0.0055556181126325075, "L1_matched_filter_abs_snr": 11.919095418247561, "L1_matched_filter_snr_angle": 0.023773507439731178, "L1_optimal_snr": 10.049076988332086, "L1_spcal_amp_0": 0.018502463196477963, "L1_spcal_amp_1": 0.019862842967325912, "L1_spcal_amp_2": 0.009193319744416284, "L1_spcal_amp_3": -0.03022231296416278, "L1_spcal_amp_4": -0.02919313679615674, "L1_spcal_amp_5": -0.013857309748768918, "L1_spcal_amp_6": -0.012850310761703471, "L1_spcal_amp_7": 0.0019422131237514448, "L1_spcal_amp_8": -0.0037836452720258064, "L1_spcal_amp_9": 0.00556237541899943, "L1_spcal_phase_0": 0.018176721055136756, "L1_spcal_phase_1": 0.0003263870263474054, "L1_spcal_phase_2": 0.009160334578338366, "L1_spcal_phase_3": 0.05586859140175972, "L1_spcal_phase_4": 0.024603466829691556, "L1_spcal_phase_5": -0.0022802085017814794, "L1_spcal_phase_6": 0.044288511807762505, "L1_spcal_phase_7": 0.018120360748364907, "L1_spcal_phase_8": 0.016628307897620827, "L1_spcal_phase_9": -0.003112556323554245, "V1_matched_filter_abs_snr": 3.231515739329207, "V1_matched_filter_snr_angle": 0.1848071737406306, "V1_optimal_snr": 2.3093555930783753, "V1_spcal_amp_0": -0.009653399091240033, "V1_spcal_amp_1": 0.04433178156037422, "V1_spcal_amp_2": -0.0338440052010077, "V1_spcal_amp_3": -0.04891211187934373, "V1_spcal_amp_4": -0.027152640691587182, "V1_spcal_amp_5": -0.05539981545416336, "V1_spcal_amp_6": 0.0014627151528071036, "V1_spcal_amp_7": -0.005146949113369323, "V1_spcal_amp_8": 0.031171588600501676, "V1_spcal_amp_9": -0.024892493612332506, "V1_spcal_phase_0": 0.0555174146046034, "V1_spcal_phase_1": 0.06429046240631972, "V1_spcal_phase_2": -0.005664467139853451, "V1_spcal_phase_3": -0.08600728023232598, "V1_spcal_phase_4": 0.047739811037376706, "V1_spcal_phase_5": 0.016777304503816523, "V1_spcal_phase_6": 0.015275155247213255, "V1_spcal_phase_7": 0.01618165501230767, "V1_spcal_phase_8": 0.0317789303241987, "V1_spcal_phase_9": 0.0005896069298288687, "azimuth": 2.107456974024681, "cosalpha": -0.2705662682745838, "cos_theta_jn": 0.8510520080446807, "deltalogL": 106.07609376318578, "deltaloglH1": 32.15692637404891, "deltaloglL1": 69.25008747157472, "deltaloglV1": 4.669079917563067, "log_likelihood": -11916.431295341768, "log_prior": 174.79973717543936, "logw": -7.624863116850367, "network_matched_filter_snr": 14.656914258586712, "network_optimal_snr": 13.021998952768335, "phase": 5.472845622980399, "phi_12": 4.499827870973174, "phi_jl": 2.049384330507359, "mass_ratio": 0.7686037380190736, "t0": 1242442967.4211333, "geocent_time": 1242442967.4043193, "ra": 0.04188379242384421, "dec": -1.179033790434261, "luminosity_distance": 5681.5345017093105, "psi": 1.97677694240434, "chirp_mass": 121.64863901343178, "a_1": 0.23503616218833934, "a_2": 0.8364488641394766, "tilt_1": 0.46726016093427813, "tilt_2": 1.0976939480836856, "theta_jn": 0.5528107599344578, "inverted_mass_ratio": 1.3010605472428554, "mass_1": 159.6657873067893, "mass_2": 122.71972095775656, "total_mass": 282.3855082645459, "symmetric_mass_ratio": 0.24572051400442202, "iota": 0.430115892741285, "spin_1x": 0.01814360017548817, "spin_1y": 0.10430384518068188, "spin_1z": 0.20984164312504733, "spin_2x": 0.69012805544463, "spin_2y": -0.2794842047464217, "spin_2z": 0.38112799517444895, "phi_1": 1.3985701405985962, "phi_2": 5.8983980115717705, "chi_eff": 0.28427964618178475, "chi_p": 0.5512809107626752, "final_mass": 266.7439323891724, "final_spin": 0.7645238626443613, "final_kick": 769.4537959230337, "cos_tilt_1": 0.8928057758060944, "cos_tilt_2": 0.45565008396125506, "redshift": 0.8657449207010264, "comoving_distance": 3045.1828820994533, "mass_1_source": 85.57750072651797, "mass_2_source": 65.77518694873167, "total_mass_source": 151.35268767524965, "chirp_mass_source": 65.2011095748952, "final_mass_source": 142.96913229111044, "radiated_energy": 8.383555384139214, "H1_time": 1242442967.4238424, "L1_time": 1242442967.4211333, "V1_time": 1242442967.4155927, "H1_matched_filter_snr": 8.019867869634432, "L1_matched_filter_snr": 11.915727361757714, "V1_matched_filter_snr": 3.1764885265810676, "cos_iota": 0.9089174312707207, "peak_luminosity": 4.071894734048346, "f_ref": 11}