{"H1_matched_filter_abs_snr": 7.809538254269836, "H1_matched_filter_snr_angle": 0.04073348372928282, "H1_optimal_snr": 7.526602321395902, "H1_spcal_amp_0": -0.009184623478861438, "H1_spcal_amp_1": 0.019011288292239897, "H1_spcal_amp_2": 0.013388794908515694, "H1_spcal_amp_3": 0.019092710501836967, "H1_spcal_amp_4": -0.0009389309690695667, "H1_spcal_amp_5": 0.009957613547129146, "H1_spcal_amp_6": 0.022064662337570727, "H1_spcal_amp_7": 0.011637930312963982, "H1_spcal_amp_8": -0.004280286872134768, "H1_spcal_amp_9": 0.0049298291046802785, "H1_spcal_phase_0": -0.10143445616967442, "H1_spcal_phase_1": -0.021506206655846107, "H1_spcal_phase_2": -0.004961364360956963, "H1_spcal_phase_3": 0.012605594616073927, "H1_spcal_phase_4": -0.018865695486532608, "H1_spcal_phase_5": -0.029989137576434136, "H1_spcal_phase_6": -0.02056385247176795, "H1_spcal_phase_7": 0.006364773098777216, "H1_spcal_phase_8": 0.0021374164380840834, "H1_spcal_phase_9": 0.0010652496297745048, "L1_matched_filter_abs_snr": 12.128093475511522, "L1_matched_filter_snr_angle": 0.005611972023045548, "L1_optimal_snr": 10.720157135361763, "L1_spcal_amp_0": -0.02908904110061333, "L1_spcal_amp_1": -0.0026591329965909936, "L1_spcal_amp_2": 0.00752881475546948, "L1_spcal_amp_3": 0.0005758721010452807, "L1_spcal_amp_4": 0.1413550604007515, "L1_spcal_amp_5": -0.01629040652622515, "L1_spcal_amp_6": 0.019103890223581086, "L1_spcal_amp_7": -0.0462762368747413, "L1_spcal_amp_8": 0.026044680033251118, "L1_spcal_amp_9": -0.010928974461100562, "L1_spcal_phase_0": -0.0043052526655219725, "L1_spcal_phase_1": -0.004001423969604684, "L1_spcal_phase_2": 0.012316899941475137, "L1_spcal_phase_3": -0.12411010036070237, "L1_spcal_phase_4": 0.04002206271671201, "L1_spcal_phase_5": -0.022254946164580555, "L1_spcal_phase_6": 0.017962048267333542, "L1_spcal_phase_7": 0.016322799172254366, "L1_spcal_phase_8": 0.008631266655336542, "L1_spcal_phase_9": 0.00829436242287615, "V1_matched_filter_abs_snr": 2.7615145888940833, "V1_matched_filter_snr_angle": 0.5888830967549855, "V1_optimal_snr": 2.5671060663292136, "V1_spcal_amp_0": -0.05752168929294004, "V1_spcal_amp_1": 0.007446336329341131, "V1_spcal_amp_2": -0.030107809037689576, "V1_spcal_amp_3": 0.04382362109214211, "V1_spcal_amp_4": 0.026526053392498992, "V1_spcal_amp_5": -0.011883848605718858, "V1_spcal_amp_6": -0.025370319555336664, "V1_spcal_amp_7": 0.08117081652912798, "V1_spcal_amp_8": -0.04003419396780017, "V1_spcal_amp_9": 0.013796839177135829, "V1_spcal_phase_0": -0.00292197260604852, "V1_spcal_phase_1": 0.016381832925431723, "V1_spcal_phase_2": 0.07965046100287358, "V1_spcal_phase_3": -0.011717718741915063, "V1_spcal_phase_4": -0.041299055988937364, "V1_spcal_phase_5": -0.05680820854710975, "V1_spcal_phase_6": -0.027901741953600453, "V1_spcal_phase_7": -0.03131608180445965, "V1_spcal_phase_8": 0.021583620481352428, "V1_spcal_phase_9": 0.09099818498204863, "azimuth": 2.148565647031014, "cosalpha": -0.2545027883877595, "cos_theta_jn": 0.9185931724803549, "deltalogL": 105.55780340616366, "deltaloglH1": 30.4056604548382, "deltaloglL1": 72.55213594957422, "deltaloglV1": 2.6000070017521466, "log_likelihood": -11916.94958569879, "log_prior": 163.8517888197917, "logw": -7.624863116850367, "network_matched_filter_snr": 14.582162488855026, "network_optimal_snr": 13.347716848475404, "phase": 4.595760294058137, "phi_12": 3.6775730813448364, "phi_jl": 3.8009703409044873, "mass_ratio": 0.6821796832153119, "t0": 1242442967.4295442, "geocent_time": 1242442967.412914, "ra": 0.1417723874534822, "dec": -1.200800633830141, "luminosity_distance": 8072.837050690648, "psi": 0.06023254719208714, "chirp_mass": 123.51345581786599, "a_1": 0.8721086114955588, "a_2": 0.4567632894720873, "tilt_1": 0.8394140022918591, "tilt_2": 1.6503638720868186, "theta_jn": 0.4062904450520405, "inverted_mass_ratio": 1.4658894490769767, "mass_1": 172.404850872532, "mass_2": 117.61108655300694, "total_mass": 290.01593742553894, "symmetric_mass_ratio": 0.2410760206996319, "iota": 0.5259934099043475, "spin_1x": -0.6146537265071006, "spin_1y": 0.20854413891289242, "spin_1z": 0.5824805308855621, "spin_2x": 0.4454211770197251, "spin_2y": 0.0944172140702076, "spin_2z": -0.03630519740953151, "phi_1": 2.8144932285075868, "phi_2": 0.20888100267283605, "chi_eff": 0.33154238419503823, "chi_p": 0.6490684566237874, "final_mass": 272.1972787059039, "final_spin": 0.7988201823413119, "final_kick": 2475.510884376451, "cos_tilt_1": 0.6678990703768876, "cos_tilt_2": -0.07948361491899214, "redshift": 1.1510388299317014, "comoving_distance": 3752.9945456791634, "mass_1_source": 80.14957632262087, "mass_2_source": 54.67641258560696, "total_mass_source": 134.82598890822783, "chirp_mass_source": 57.42037479713359, "final_mass_source": 126.5422431795648, "radiated_energy": 8.283745728663021, "H1_time": 1242442967.4320924, "L1_time": 1242442967.4295442, "V1_time": 1242442967.424949, "H1_matched_filter_snr": 7.803060291906831, "L1_matched_filter_snr": 12.127902493530145, "V1_matched_filter_snr": 2.296369385343958, "cos_iota": 0.864825604763647, "peak_luminosity": 4.191337201269519, "f_ref": 11}