{"H1_matched_filter_abs_snr": 7.754273772809343, "H1_matched_filter_snr_angle": 0.18017358493044064, "H1_optimal_snr": 7.640465277458665, "H1_spcal_amp_0": 0.019995750696770585, "H1_spcal_amp_1": 0.015306953432347056, "H1_spcal_amp_2": -0.015923288099677992, "H1_spcal_amp_3": 0.021253427194251426, "H1_spcal_amp_4": -0.00014197859866594287, "H1_spcal_amp_5": 0.008797928037262884, "H1_spcal_amp_6": -0.021699232088037243, "H1_spcal_amp_7": 0.011103650558494587, "H1_spcal_amp_8": 0.0011248803758475345, "H1_spcal_amp_9": -0.015009226922315305, "H1_spcal_phase_0": -0.03465462551210031, "H1_spcal_phase_1": 0.02026258496544882, "H1_spcal_phase_2": -0.020560824792413165, "H1_spcal_phase_3": 0.004248904993433714, "H1_spcal_phase_4": 0.008097898645363264, "H1_spcal_phase_5": 0.006546162396681187, "H1_spcal_phase_6": 0.013443751213378513, "H1_spcal_phase_7": -0.0005385168723110707, "H1_spcal_phase_8": -0.004060518330228364, "H1_spcal_phase_9": -0.0007385907322168274, "L1_matched_filter_abs_snr": 12.234376888646512, "L1_matched_filter_snr_angle": 0.06922163538039523, "L1_optimal_snr": 12.81177040029695, "L1_spcal_amp_0": -0.02928931392551036, "L1_spcal_amp_1": -0.006476069893212999, "L1_spcal_amp_2": 0.02644628619847286, "L1_spcal_amp_3": -0.013631682493568843, "L1_spcal_amp_4": -0.018924008309081555, "L1_spcal_amp_5": 0.0024783774256439597, "L1_spcal_amp_6": 0.007025730799822944, "L1_spcal_amp_7": 0.008399004375352365, "L1_spcal_amp_8": -0.005811086516157319, "L1_spcal_amp_9": -0.016495650714926174, "L1_spcal_phase_0": -0.00653673288668272, "L1_spcal_phase_1": 0.0017590210856738685, "L1_spcal_phase_2": 0.041495914422956436, "L1_spcal_phase_3": -0.10406002645714019, "L1_spcal_phase_4": 0.016411139439537065, "L1_spcal_phase_5": 0.04267704361274945, "L1_spcal_phase_6": -0.004784254169914889, "L1_spcal_phase_7": 0.00026161788593213, "L1_spcal_phase_8": 0.00802077642191574, "L1_spcal_phase_9": 0.0008916799469127282, "V1_matched_filter_abs_snr": 2.9503860766048233, "V1_matched_filter_snr_angle": 0.05193448859511556, "V1_optimal_snr": 5.335515800071704, "V1_spcal_amp_0": 0.06913483908073435, "V1_spcal_amp_1": -0.0367900309688495, "V1_spcal_amp_2": -0.008756143965977356, "V1_spcal_amp_3": 0.02708313381704684, "V1_spcal_amp_4": -0.01174936698234666, "V1_spcal_amp_5": 0.021725570937311044, "V1_spcal_amp_6": -0.044862465938812726, "V1_spcal_amp_7": 0.007280886514482816, "V1_spcal_amp_8": -0.09037593077506449, "V1_spcal_amp_9": -0.1768446277158244, "V1_spcal_phase_0": 0.02300469996148878, "V1_spcal_phase_1": 0.01472621001361018, "V1_spcal_phase_2": 0.04009884077414274, "V1_spcal_phase_3": 0.03492770265184437, "V1_spcal_phase_4": 0.006595386994596012, "V1_spcal_phase_5": -0.048008526884698234, "V1_spcal_phase_6": 0.03591979094136576, "V1_spcal_phase_7": 0.012315945944384765, "V1_spcal_phase_8": -0.010887008377798938, "V1_spcal_phase_9": -0.038123882784700545, "azimuth": 5.6686530190628, "cosalpha": -0.36045926506334197, "cos_theta_jn": -0.7914492834418624, "deltalogL": 104.88352150968421, "deltaloglH1": 29.09886185071491, "deltaloglL1": 74.29791715013198, "deltaloglV1": 1.4867425088382333, "log_likelihood": -11917.62386759527, "log_prior": 171.51324534955626, "logw": -22.42199353063747, "network_matched_filter_snr": 14.541642386705966, "network_optimal_snr": 15.842534497320539, "phase": 0.10800424094130849, "phi_12": 3.968271592931145, "phi_jl": 0.2843044375311326, "mass_ratio": 0.833622646076293, "t0": 1242442967.4234202, "geocent_time": 1242442967.4381502, "ra": 4.3581184444808345, "dec": 0.7239610198748345, "luminosity_distance": 4331.760985994347, "psi": 1.3754446506234392, "chirp_mass": 126.16313363173188, "a_1": 0.8201512708741099, "a_2": 0.8901790667302664, "tilt_1": 1.3536601431160828, "tilt_2": 1.205582584678487, "theta_jn": 2.483972772413739, "inverted_mass_ratio": 1.199583534236761, "mass_1": 158.85934142497243, "mass_2": 132.42874455262276, "total_mass": 291.2880859775952, "symmetric_mass_ratio": 0.24794170079407668, "iota": 2.413026533563914, "spin_1x": -0.2988105832201481, "spin_1y": -0.7430622750111907, "spin_1z": 0.17668842046734762, "spin_2x": -0.3574128986454361, "spin_2y": 0.750731323729584, "spin_2z": 0.31792651713542497, "phi_1": 4.33004432802192, "phi_2": 2.0151306137734792, "chi_eff": 0.24089971068192267, "chi_p": 0.8008928200384691, "final_mass": 274.2302219123832, "final_spin": 0.751427836550513, "final_kick": 1898.9684782815598, "cos_tilt_1": 0.21543394095949486, "cos_tilt_2": 0.35714894791135327, "redshift": 0.6938790686832815, "comoving_distance": 2557.302373167258, "mass_1_source": 93.78434645187511, "mass_2_source": 78.18075504974792, "total_mass_source": 171.96510150162302, "chirp_mass_source": 74.48178324194265, "final_mass_source": 161.89480523279212, "radiated_energy": 10.070296268830901, "H1_time": 1242442967.4270296, "L1_time": 1242442967.4234204, "V1_time": 1242442967.4202914, "H1_matched_filter_snr": 7.628752250299933, "L1_matched_filter_snr": 12.205077257820633, "V1_matched_filter_snr": 2.9464080932985097, "cos_iota": -0.7461298469886443, "peak_luminosity": 4.056218577358123, "f_ref": 11}