{"H1_matched_filter_abs_snr": 8.115691161375144, "H1_matched_filter_snr_angle": -0.171905596041604, "H1_optimal_snr": 6.628698485652975, "H1_spcal_amp_0": 0.03453531755514483, "H1_spcal_amp_1": 0.01960071851599493, "H1_spcal_amp_2": 0.012050559730414336, "H1_spcal_amp_3": -0.010134024304272403, "H1_spcal_amp_4": 0.018970841855627932, "H1_spcal_amp_5": -0.003683903435312267, "H1_spcal_amp_6": 0.007724033788214704, "H1_spcal_amp_7": 0.00577133694204694, "H1_spcal_amp_8": 0.010124893763104995, "H1_spcal_amp_9": 0.01212306895870949, "H1_spcal_phase_0": -0.0631428734268643, "H1_spcal_phase_1": -0.055370355435621715, "H1_spcal_phase_2": 0.002466967857417137, "H1_spcal_phase_3": 0.034962790269120615, "H1_spcal_phase_4": -0.011267290889640432, "H1_spcal_phase_5": -0.003211352007386441, "H1_spcal_phase_6": 0.005026648206657666, "H1_spcal_phase_7": 0.004448682977286233, "H1_spcal_phase_8": 0.009228004918132578, "H1_spcal_phase_9": 0.009715974387654392, "L1_matched_filter_abs_snr": 12.039519022198423, "L1_matched_filter_snr_angle": -0.13134659542856952, "L1_optimal_snr": 10.656627829330585, "L1_spcal_amp_0": -0.04231645785530193, "L1_spcal_amp_1": -0.019716096337083888, "L1_spcal_amp_2": -0.002381625552519395, "L1_spcal_amp_3": -0.014720314685665477, "L1_spcal_amp_4": -0.0004916020850123665, "L1_spcal_amp_5": 0.004763515854037502, "L1_spcal_amp_6": 0.025938005758726214, "L1_spcal_amp_7": -0.00793046703538899, "L1_spcal_amp_8": -6.504386107743458e-05, "L1_spcal_amp_9": 0.001324573890279227, "L1_spcal_phase_0": 0.00027588961088776656, "L1_spcal_phase_1": 0.014913462770771707, "L1_spcal_phase_2": 0.03549532900660882, "L1_spcal_phase_3": -0.04361195456700603, "L1_spcal_phase_4": -0.044668966389198074, "L1_spcal_phase_5": -0.007649640616283319, "L1_spcal_phase_6": 0.03744554034256269, "L1_spcal_phase_7": 0.009770567780246556, "L1_spcal_phase_8": 0.01223602154138325, "L1_spcal_phase_9": 0.013839265027085136, "V1_matched_filter_abs_snr": 2.682270610776382, "V1_matched_filter_snr_angle": 0.3891705325471832, "V1_optimal_snr": 1.8291846170285408, "V1_spcal_amp_0": -0.047575471164720634, "V1_spcal_amp_1": 0.04043199277128732, "V1_spcal_amp_2": -0.050839205528399115, "V1_spcal_amp_3": -0.030395468546390577, "V1_spcal_amp_4": -3.7914428865473716e-05, "V1_spcal_amp_5": 0.013478348395672395, "V1_spcal_amp_6": 0.008576606910132538, "V1_spcal_amp_7": 0.015190954171947888, "V1_spcal_amp_8": -0.03155770765210638, "V1_spcal_amp_9": 0.021115551609868687, "V1_spcal_phase_0": 0.0033667651425858445, "V1_spcal_phase_1": 0.022174373875910394, "V1_spcal_phase_2": 0.0332106179490362, "V1_spcal_phase_3": -0.027114235737214797, "V1_spcal_phase_4": -0.021933882532077613, "V1_spcal_phase_5": 0.009327912999481379, "V1_spcal_phase_6": -0.05850521255087881, "V1_spcal_phase_7": -0.04213838482959687, "V1_spcal_phase_8": 0.029115024335202414, "V1_spcal_phase_9": 0.08653765318590487, "azimuth": 4.710839274901777, "cosalpha": -0.21194887984536817, "cos_theta_jn": 0.9774848719620552, "deltalogL": 104.31393951091195, "deltaloglH1": 31.033719380514867, "deltaloglL1": 70.41368828723625, "deltaloglV1": 2.866531843161738, "log_likelihood": -11918.193449594042, "log_prior": 181.36609279167547, "logw": -7.624863116850367, "network_matched_filter_snr": 14.566259405652431, "network_optimal_snr": 12.682636818490664, "phase": 3.1706263037687066, "phi_12": 2.9884736572987047, "phi_jl": 2.4727048773156812, "mass_ratio": 0.8562963292102446, "t0": 1242442967.4227498, "geocent_time": 1242442967.4438503, "ra": 3.2629357020425003, "dec": 0.4586551572568136, "luminosity_distance": 7364.546829533426, "psi": 2.8996616575688576, "chirp_mass": 119.00498694041714, "a_1": 0.7687944737825125, "a_2": 0.9385389711785896, "tilt_1": 1.3472729485014499, "tilt_2": 1.7626918258931328, "theta_jn": 0.21260351600560237, "inverted_mass_ratio": 1.167820024315989, "mass_1": 147.8155667299711, "mass_2": 126.57392719100619, "total_mass": 274.3894939209773, "symmetric_mass_ratio": 0.24850176092043771, "iota": 0.1877589013652595, "spin_1x": -0.12165767494837121, "spin_1y": 0.7397314984467248, "spin_1z": 0.17041614727029217, "spin_2x": 0.00910588805192898, "spin_2y": -0.9212666084467244, "spin_2z": -0.17899809883018603, "phi_1": 1.7337990977191655, "phi_2": 4.722272755017871, "chi_eff": 0.009233834079542558, "chi_p": 0.7716571090976172, "final_mass": 260.72159367798037, "final_spin": 0.6847228381465429, "final_kick": 418.3510280595423, "cos_tilt_1": 0.22166671728509577, "cos_tilt_2": -0.1907199427269445, "redshift": 1.0685456590549642, "comoving_distance": 3560.2534606462814, "mass_1_source": 71.45869180257888, "mass_2_source": 61.18981548071448, "total_mass_source": 132.64850728329338, "chirp_mass_source": 57.53075182047746, "final_mass_source": 126.04101463106869, "radiated_energy": 6.607492652224693, "H1_time": 1242442967.4248722, "L1_time": 1242442967.4227498, "V1_time": 1242442967.441577, "H1_matched_filter_snr": 7.99607061659123, "L1_matched_filter_snr": 11.93581578251147, "V1_matched_filter_snr": 2.481701399906015, "cos_iota": 0.9824250201062217, "peak_luminosity": 3.7066748199061355, "f_ref": 11}