{"H1_matched_filter_abs_snr": 8.160875143512861, "H1_matched_filter_snr_angle": -0.01600967360531679, "H1_optimal_snr": 9.36213891443185, "H1_spcal_amp_0": -0.00299279190407981, "H1_spcal_amp_1": -0.030484572007940896, "H1_spcal_amp_2": 0.01664689769501985, "H1_spcal_amp_3": 0.03967431553457029, "H1_spcal_amp_4": -0.003301937489353011, "H1_spcal_amp_5": -0.005599795980696067, "H1_spcal_amp_6": -0.0071297210523249156, "H1_spcal_amp_7": 0.01576438740441432, "H1_spcal_amp_8": -0.0012044963079677247, "H1_spcal_amp_9": -0.002367843783263125, "H1_spcal_phase_0": 0.02178356491973394, "H1_spcal_phase_1": -0.029793333933218334, "H1_spcal_phase_2": -0.024773488448338914, "H1_spcal_phase_3": 0.0021306686000641555, "H1_spcal_phase_4": -0.0223833731706777, "H1_spcal_phase_5": 0.018926685706489588, "H1_spcal_phase_6": 0.0018598361565967624, "H1_spcal_phase_7": -0.0015867063071545499, "H1_spcal_phase_8": -0.003906096344256138, "H1_spcal_phase_9": -0.01029167962829748, "L1_matched_filter_abs_snr": 11.672606802922425, "L1_matched_filter_snr_angle": 0.01433529522816875, "L1_optimal_snr": 12.732829545288409, "L1_spcal_amp_0": 0.01954716142237174, "L1_spcal_amp_1": 0.011671536078068605, "L1_spcal_amp_2": -0.013883625515775122, "L1_spcal_amp_3": 0.006155920034633558, "L1_spcal_amp_4": 0.014237343908677964, "L1_spcal_amp_5": -0.015198336369256374, "L1_spcal_amp_6": -0.0075742064411844, "L1_spcal_amp_7": 0.01687380605899425, "L1_spcal_amp_8": -0.00355458206162357, "L1_spcal_amp_9": 0.010121285964209225, "L1_spcal_phase_0": -0.006754009851680829, "L1_spcal_phase_1": 0.007576985991034834, "L1_spcal_phase_2": -0.00047945197778034783, "L1_spcal_phase_3": -0.014111270066163133, "L1_spcal_phase_4": 0.02500392699916762, "L1_spcal_phase_5": 0.011537609899297769, "L1_spcal_phase_6": -0.04184900034603517, "L1_spcal_phase_7": 0.009192619342290037, "L1_spcal_phase_8": 0.018694209093507084, "L1_spcal_phase_9": 0.02063143358367802, "V1_matched_filter_abs_snr": 2.7303758228783193, "V1_matched_filter_snr_angle": 0.29722047637181537, "V1_optimal_snr": 1.6414804540300632, "V1_spcal_amp_0": -0.07491493966244053, "V1_spcal_amp_1": -0.010357170512666011, "V1_spcal_amp_2": -0.05435819200082524, "V1_spcal_amp_3": 0.03411398589373335, "V1_spcal_amp_4": 0.008251263520870432, "V1_spcal_amp_5": -0.031833433358678, "V1_spcal_amp_6": 0.028747725706616913, "V1_spcal_amp_7": -0.04400303758338718, "V1_spcal_amp_8": -0.06983182673219733, "V1_spcal_amp_9": 0.01499885002368785, "V1_spcal_phase_0": 0.006789561892101456, "V1_spcal_phase_1": 0.010230914888344506, "V1_spcal_phase_2": -0.046812220530221084, "V1_spcal_phase_3": -0.03761876974341207, "V1_spcal_phase_4": -0.04728659439693048, "V1_spcal_phase_5": -0.025735561582234244, "V1_spcal_phase_6": -0.025886461393603843, "V1_spcal_phase_7": 0.006116648867541578, "V1_spcal_phase_8": 0.008292786663687686, "V1_spcal_phase_9": 0.04258118537588012, "azimuth": 1.8039495560066177, "cosalpha": -0.16746171161166967, "cos_theta_jn": -0.8774603537389952, "deltalogL": 103.05431945581404, "deltaloglH1": 32.56863299478573, "deltaloglL1": 67.5475676155229, "deltaloglV1": 2.938118845506324, "log_likelihood": -11919.45306964914, "log_prior": 174.18792743509164, "logw": -7.624863116850367, "network_matched_filter_snr": 14.430416055545512, "network_optimal_snr": 15.889274727420736, "phase": 2.11704358367156, "phi_12": 3.091556448496776, "phi_jl": 0.03998379978928311, "mass_ratio": 0.8175987519770812, "t0": 1242442967.4253063, "geocent_time": 1242442967.4059236, "ra": 6.184380330562502, "dec": -0.8727512691798329, "luminosity_distance": 4298.062970597621, "psi": 0.011119322419229163, "chirp_mass": 113.21867292305363, "a_1": 0.1633835641904336, "a_2": 0.050827611763278886, "tilt_1": 1.5662723550946538, "tilt_2": 1.79423108988591, "theta_jn": 2.641337807644128, "inverted_mass_ratio": 1.2230938435043401, "mass_1": 143.9771363304658, "mass_2": 117.71552697702293, "total_mass": 261.6926633074887, "symmetric_mass_ratio": 0.24748232546031054, "iota": 2.6374020115178234, "spin_1x": 0.06854094723226638, "spin_1y": 0.1483097477308441, "spin_1z": 0.0007391400994300172, "spin_2x": -0.023017096150913987, "spin_2y": -0.04389553279274258, "spin_2z": -0.01126239775445029, "phi_1": 1.1378867594988966, "phi_2": 4.229443207995672, "chi_eff": -0.004659434454202802, "chi_p": 0.16338189226313587, "final_mass": 249.26601785762085, "final_spin": 0.6806164445071052, "final_kick": 378.1563877788319, "cos_tilt_1": 0.004523956268749915, "cos_tilt_2": -0.22158030573820836, "redshift": 0.6894524030666509, "comoving_distance": 2544.056851616335, "mass_1_source": 85.22118531964688, "mass_2_source": 69.67673475935085, "total_mass_source": 154.8979200789977, "chirp_mass_source": 67.01501191601609, "final_mass_source": 147.54249211469914, "radiated_energy": 7.3554279642985705, "H1_time": 1242442967.426983, "L1_time": 1242442967.4253066, "V1_time": 1242442967.4121168, "H1_matched_filter_snr": 8.159829310329668, "L1_matched_filter_snr": 11.671407459089629, "V1_matched_filter_snr": 2.610660319145437, "cos_iota": -0.875565761124925, "peak_luminosity": 3.6165209812974908, "f_ref": 11}