{"H1_matched_filter_abs_snr": 8.509587508341347, "H1_matched_filter_snr_angle": 0.131104360549671, "H1_optimal_snr": 9.12731615272817, "H1_spcal_amp_0": 0.024180889445268035, "H1_spcal_amp_1": -0.0038509657646970596, "H1_spcal_amp_2": -0.004874464102800323, "H1_spcal_amp_3": -0.01136606084662787, "H1_spcal_amp_4": 0.0009907695590901764, "H1_spcal_amp_5": -0.006789716218775655, "H1_spcal_amp_6": -0.0005830222324373783, "H1_spcal_amp_7": 0.0006131358202950422, "H1_spcal_amp_8": -0.005238574929767885, "H1_spcal_amp_9": 0.00800540121962604, "H1_spcal_phase_0": -0.038930388309861175, "H1_spcal_phase_1": 0.039088098232460504, "H1_spcal_phase_2": -0.003212947704353306, "H1_spcal_phase_3": 0.0008798134069433638, "H1_spcal_phase_4": 0.019262160289734685, "H1_spcal_phase_5": -0.010471415644105482, "H1_spcal_phase_6": 0.013143682038625818, "H1_spcal_phase_7": 0.0016187986983489029, "H1_spcal_phase_8": 0.0004036538095249805, "H1_spcal_phase_9": 0.0043527819957156905, "L1_matched_filter_abs_snr": 12.218554699035513, "L1_matched_filter_snr_angle": 0.004584882731574351, "L1_optimal_snr": 11.941488838349345, "L1_spcal_amp_0": -0.037009010290066625, "L1_spcal_amp_1": 0.0347152213957688, "L1_spcal_amp_2": 0.025825399078827093, "L1_spcal_amp_3": -0.004473772942213564, "L1_spcal_amp_4": -0.0036679043435483274, "L1_spcal_amp_5": -0.011872196606279892, "L1_spcal_amp_6": -0.015194361612241766, "L1_spcal_amp_7": 0.025300480074133932, "L1_spcal_amp_8": 0.007420614518428723, "L1_spcal_amp_9": -0.0027071763083598194, "L1_spcal_phase_0": -0.005315011970135634, "L1_spcal_phase_1": 3.629597952663189e-05, "L1_spcal_phase_2": -0.024893093963912205, "L1_spcal_phase_3": 0.016799366217355827, "L1_spcal_phase_4": -0.00965597816275878, "L1_spcal_phase_5": -0.040837331598997086, "L1_spcal_phase_6": 0.0072852458661960716, "L1_spcal_phase_7": 0.005353116280580356, "L1_spcal_phase_8": 0.003409309000652963, "L1_spcal_phase_9": -0.0035679283032091814, "V1_matched_filter_abs_snr": 3.1771361252206147, "V1_matched_filter_snr_angle": -0.30956986178234086, "V1_optimal_snr": 2.58369176489395, "V1_spcal_amp_0": -0.025716393739166808, "V1_spcal_amp_1": -0.04036057097516073, "V1_spcal_amp_2": -0.014294081817202759, "V1_spcal_amp_3": 0.017781266522712443, "V1_spcal_amp_4": 0.009614527679158843, "V1_spcal_amp_5": -0.07242507458227082, "V1_spcal_amp_6": 0.02246197186984824, "V1_spcal_amp_7": -0.053397512102129556, "V1_spcal_amp_8": 0.005678567417715217, "V1_spcal_amp_9": 0.0009700994563138071, "V1_spcal_phase_0": -0.002599770720762886, "V1_spcal_phase_1": 0.03328698863029459, "V1_spcal_phase_2": 0.00877191074931, "V1_spcal_phase_3": 0.04196036548953364, "V1_spcal_phase_4": 0.007408411365664579, "V1_spcal_phase_5": -0.017441224639931467, "V1_spcal_phase_6": 0.05088734562353565, "V1_spcal_phase_7": 0.008111346383592132, "V1_spcal_phase_8": -0.04412782486675268, "V1_spcal_phase_9": -0.035739393945263924, "azimuth": 2.0651961875962885, "cosalpha": -0.272448237198072, "cos_theta_jn": 0.8712667771106478, "deltalogL": 114.43662099876019, "deltaloglH1": 35.349193920908874, "deltaloglL1": 74.60662314962701, "deltaloglV1": 4.480803928225214, "log_likelihood": -11908.070768106194, "log_prior": 186.08895916781714, "logw": -7.624863116850367, "network_matched_filter_snr": 15.129045941100044, "network_optimal_snr": 15.250656345359545, "phase": 0.11520411206635105, "phi_12": 2.8158432848860553, "phi_jl": 2.401433270733979, "mass_ratio": 0.6842201263620294, "t0": 1242442967.422592, "geocent_time": 1242442967.405474, "ra": 6.2647383388628874, "dec": -1.146086670605172, "luminosity_distance": 4488.659568623192, "psi": 2.303002605402797, "chirp_mass": 117.73198918845067, "a_1": 0.1353933065975709, "a_2": 0.9821172331755235, "tilt_1": 1.3884638447641104, "tilt_2": 1.1616103883719033, "theta_jn": 0.5130188948968265, "inverted_mass_ratio": 1.4615179552185336, "mass_1": 164.08041490667873, "mass_2": 112.26712222098196, "total_mass": 276.3475371276607, "symmetric_mass_ratio": 0.24121157205829794, "iota": 0.4404411566999224, "spin_1x": -0.13046536330838512, "spin_1y": 0.0265975936171092, "spin_1z": 0.024550039959519848, "spin_2x": 0.7788486608190041, "spin_2y": -0.4530620744815742, "spin_2z": 0.39074771900452865, "phi_1": 2.9404815207971637, "phi_2": 5.756324805683219, "chi_eff": 0.1733190864207299, "chi_p": 0.5843441736061706, "final_mass": 262.78023717370166, "final_spin": 0.704106929638896, "final_kick": 97.97145266324416, "cos_tilt_1": 0.1813238820770502, "cos_tilt_2": 0.39786260316510946, "redshift": 0.714392297764641, "comoving_distance": 2618.2220022015276, "mass_1_source": 95.7076248654521, "mass_2_source": 65.48508317924936, "total_mass_source": 161.19270804470148, "chirp_mass_source": 68.67272405619114, "final_mass_source": 153.2789417663245, "radiated_energy": 7.913766278376983, "H1_time": 1242442967.42532, "L1_time": 1242442967.422592, "V1_time": 1242442967.4160297, "H1_matched_filter_snr": 8.436559302683992, "L1_matched_filter_snr": 12.218426275226989, "V1_matched_filter_snr": 3.0261100036985624, "cos_iota": 0.9045636691362469, "peak_luminosity": 3.641078552811158, "f_ref": 11}