{"H1_matched_filter_abs_snr": 8.171289515998161, "H1_matched_filter_snr_angle": -0.018001971632641854, "H1_optimal_snr": 7.115569162835734, "H1_spcal_amp_0": -0.05420138939608335, "H1_spcal_amp_1": 0.007261129980878808, "H1_spcal_amp_2": 0.014589308020616568, "H1_spcal_amp_3": 0.010162354775464438, "H1_spcal_amp_4": 0.015769681838078926, "H1_spcal_amp_5": -0.0038420949296696315, "H1_spcal_amp_6": -0.011849683570767879, "H1_spcal_amp_7": -0.016668791368227298, "H1_spcal_amp_8": 0.005764382622725107, "H1_spcal_amp_9": 0.017956782773157782, "H1_spcal_phase_0": -0.05210463706766011, "H1_spcal_phase_1": 0.08774781246884655, "H1_spcal_phase_2": 0.00224836452339052, "H1_spcal_phase_3": 0.0028712357264886676, "H1_spcal_phase_4": -0.0070543661667439046, "H1_spcal_phase_5": 0.0013591759600018502, "H1_spcal_phase_6": 0.005745440570830672, "H1_spcal_phase_7": 0.0018454654273929606, "H1_spcal_phase_8": 0.00036348772123191844, "H1_spcal_phase_9": -0.000389641565528918, "L1_matched_filter_abs_snr": 12.008289006297503, "L1_matched_filter_snr_angle": -0.09466184555821727, "L1_optimal_snr": 11.648235507215327, "L1_spcal_amp_0": 0.049061237208569655, "L1_spcal_amp_1": -0.00944076569294014, "L1_spcal_amp_2": -0.019840430628480413, "L1_spcal_amp_3": -0.05764418234937015, "L1_spcal_amp_4": 0.03548989205589089, "L1_spcal_amp_5": -0.009304455623000649, "L1_spcal_amp_6": 0.008612688977491907, "L1_spcal_amp_7": 0.0216486326389927, "L1_spcal_amp_8": -0.008844419965117242, "L1_spcal_amp_9": -0.01334327580042031, "L1_spcal_phase_0": -0.010213111005473688, "L1_spcal_phase_1": 0.018208564859474224, "L1_spcal_phase_2": 0.005347687333330536, "L1_spcal_phase_3": -0.042790099787022265, "L1_spcal_phase_4": 0.01086785450146545, "L1_spcal_phase_5": -0.011366404687371977, "L1_spcal_phase_6": -0.011309854109501959, "L1_spcal_phase_7": 0.01843044334980278, "L1_spcal_phase_8": 0.013535183016530424, "L1_spcal_phase_9": 0.010682752163166121, "V1_matched_filter_abs_snr": 2.5056602027202493, "V1_matched_filter_snr_angle": 0.6228539210849103, "V1_optimal_snr": 2.2166008888711852, "V1_spcal_amp_0": -0.01398606224261941, "V1_spcal_amp_1": 0.03143881078511399, "V1_spcal_amp_2": -0.09689386839858742, "V1_spcal_amp_3": -0.021636090758140252, "V1_spcal_amp_4": -0.013622247247988824, "V1_spcal_amp_5": -0.014780494797107078, "V1_spcal_amp_6": -0.038990332885460895, "V1_spcal_amp_7": 0.013039529273048632, "V1_spcal_amp_8": 0.10889364362905145, "V1_spcal_amp_9": -0.004064640353073346, "V1_spcal_phase_0": 0.004598343291849238, "V1_spcal_phase_1": -0.008459126179358031, "V1_spcal_phase_2": 0.0407614753840432, "V1_spcal_phase_3": -0.042303448075152156, "V1_spcal_phase_4": 0.0018137802731435487, "V1_spcal_phase_5": 0.014175663150583162, "V1_spcal_phase_6": 0.07184620918361775, "V1_spcal_phase_7": 0.0007795546234306298, "V1_spcal_phase_8": -0.0027600769667087866, "V1_spcal_phase_9": -0.0023577296624275844, "azimuth": 4.967389996391767, "cosalpha": -0.2298080564147662, "cos_theta_jn": -0.873464627478304, "deltalogL": 106.28117372994166, "deltaloglH1": 32.818292409061996, "deltaloglL1": 71.408448819765, "deltaloglV1": 2.054432501114661, "log_likelihood": -11916.226215375013, "log_prior": 171.46375097958912, "logw": -7.624863116850367, "network_matched_filter_snr": 14.599914545057175, "network_optimal_snr": 13.828450182258143, "phase": 4.491332978460751, "phi_12": 3.6657901049704926, "phi_jl": 0.46940984709301914, "mass_ratio": 0.9599542624232494, "t0": 1242442967.4271178, "geocent_time": 1242442967.4481914, "ra": 3.480869423228681, "dec": 0.6269072413111182, "luminosity_distance": 7400.398444236487, "psi": 2.945988657497978, "chirp_mass": 124.06581084244881, "a_1": 0.876577615465422, "a_2": 0.07725013484731609, "tilt_1": 0.9061289564640425, "tilt_2": 0.043671763218926865, "theta_jn": 2.6330697239543253, "inverted_mass_ratio": 1.0417162974782377, "mass_1": 145.4624777232157, "mass_2": 139.63732551304787, "total_mass": 285.0998032362636, "symmetric_mass_ratio": 0.24989563359374037, "iota": 2.532266930658091, "spin_1x": 0.5542401726723153, "spin_1y": -0.4109516879350085, "spin_1z": 0.5406707474189579, "spin_2x": -0.0033507545862217856, "spin_2y": 0.00038304237025798746, "spin_2z": 0.07717647994158597, "phi_1": 5.645166687342574, "phi_2": 3.0277714851334814, "chi_eff": 0.31365866545152565, "chi_p": 0.6899735203763043, "final_mass": 267.79710270838126, "final_spin": 0.7887958613981317, "final_kick": 1312.0266864127275, "cos_tilt_1": 0.6167973467265496, "cos_tilt_2": 0.9990465401015065, "redshift": 1.0727571649203345, "comoving_distance": 3570.3161899784573, "mass_1_source": 70.17825348045848, "mass_2_source": 67.36791355798535, "total_mass_source": 137.54616703844383, "chirp_mass_source": 59.855449032891045, "final_mass_source": 129.19849331152784, "radiated_energy": 8.347673726915986, "H1_time": 1242442967.4294188, "L1_time": 1242442967.4271178, "V1_time": 1242442967.4407475, "H1_matched_filter_snr": 8.169965512843124, "L1_matched_filter_snr": 11.95452684222224, "V1_matched_filter_snr": 2.0351396022840036, "cos_iota": -0.8200341028814293, "peak_luminosity": 4.356174889809579, "f_ref": 11}