{"H1_matched_filter_abs_snr": 8.143412391543286, "H1_matched_filter_snr_angle": -0.07873626770675714, "H1_optimal_snr": 7.859926348769455, "H1_spcal_amp_0": -0.0021057671336831133, "H1_spcal_amp_1": -0.0023793020678374716, "H1_spcal_amp_2": -0.004845456151558441, "H1_spcal_amp_3": 0.020640865881940727, "H1_spcal_amp_4": 0.0056459422114815035, "H1_spcal_amp_5": -0.006421570933243683, "H1_spcal_amp_6": 0.007610479255346502, "H1_spcal_amp_7": -0.02226452251128387, "H1_spcal_amp_8": -0.005392945343972693, "H1_spcal_amp_9": -0.0013817322723785551, "H1_spcal_phase_0": 0.004899528016434323, "H1_spcal_phase_1": 0.005297672033772618, "H1_spcal_phase_2": -0.01598462497222656, "H1_spcal_phase_3": 0.004557917763457649, "H1_spcal_phase_4": -0.007047609501046484, "H1_spcal_phase_5": -0.011380492375970521, "H1_spcal_phase_6": 0.00027057960994971304, "H1_spcal_phase_7": -0.0046188814763473375, "H1_spcal_phase_8": 0.00706964248965788, "H1_spcal_phase_9": 0.004738622672565821, "L1_matched_filter_abs_snr": 12.098760264162623, "L1_matched_filter_snr_angle": 0.1310924459402981, "L1_optimal_snr": 12.690676872803612, "L1_spcal_amp_0": -0.006097184429375465, "L1_spcal_amp_1": -0.024102284404697045, "L1_spcal_amp_2": -0.07285230418212334, "L1_spcal_amp_3": -0.0286081126960331, "L1_spcal_amp_4": 0.056790247676938445, "L1_spcal_amp_5": -0.021988691273712002, "L1_spcal_amp_6": 0.009636436623190442, "L1_spcal_amp_7": -0.01182529043342801, "L1_spcal_amp_8": 0.012629714032916902, "L1_spcal_amp_9": -0.025398995713226888, "L1_spcal_phase_0": 0.013896174182665002, "L1_spcal_phase_1": -0.018180103215401727, "L1_spcal_phase_2": 0.022206443602825532, "L1_spcal_phase_3": -0.07001317129086636, "L1_spcal_phase_4": -0.006881577269541551, "L1_spcal_phase_5": 0.008876815297092609, "L1_spcal_phase_6": -0.007968675941621074, "L1_spcal_phase_7": 0.02022128717231207, "L1_spcal_phase_8": 0.006909870687441674, "L1_spcal_phase_9": 0.00931924946148027, "V1_matched_filter_abs_snr": 2.534662527572335, "V1_matched_filter_snr_angle": -0.017151335043602854, "V1_optimal_snr": 2.1446773887815307, "V1_spcal_amp_0": 0.03943300922589588, "V1_spcal_amp_1": 0.018115749977320426, "V1_spcal_amp_2": 0.011524089063882952, "V1_spcal_amp_3": 0.0758309447046431, "V1_spcal_amp_4": 0.049302154310277, "V1_spcal_amp_5": 0.01907877122330729, "V1_spcal_amp_6": -0.023665427454244124, "V1_spcal_amp_7": -0.031738369820106936, "V1_spcal_amp_8": -0.03530410225389781, "V1_spcal_amp_9": -0.12915186073035773, "V1_spcal_phase_0": -0.007912402690641623, "V1_spcal_phase_1": -0.03858536966333632, "V1_spcal_phase_2": -0.00031599084723760845, "V1_spcal_phase_3": -0.04580103803777427, "V1_spcal_phase_4": 0.05137357331247874, "V1_spcal_phase_5": -0.05914696508003852, "V1_spcal_phase_6": 0.04182424018022944, "V1_spcal_phase_7": -0.017166438851735886, "V1_spcal_phase_8": -0.00771237162377344, "V1_spcal_phase_9": 0.04447682722263612, "azimuth": 4.788007379671987, "cosalpha": -0.1531441985829731, "cos_theta_jn": 0.9347899381610549, "deltalogL": 107.75189807480456, "deltaloglH1": 32.91910167705828, "deltaloglL1": 71.69738307238094, "deltaloglV1": 3.1354133253666987, "log_likelihood": -11914.75549103015, "log_prior": 168.6112828351595, "logw": -7.624863116850367, "network_matched_filter_snr": 14.68537301278736, "network_optimal_snr": 15.080827656330522, "phase": 1.3726040038169054, "phi_12": 4.225037912456538, "phi_jl": 4.476850757697171, "mass_ratio": 0.85139143180137, "t0": 1242442967.4259405, "geocent_time": 1242442967.4470987, "ra": 3.265384593299475, "dec": 0.5552372861213367, "luminosity_distance": 6291.371560193987, "psi": 1.8377702286348645, "chirp_mass": 117.98592807756094, "a_1": 0.5641329273894226, "a_2": 0.2765549761140673, "tilt_1": 1.2709122954210923, "tilt_2": 2.4374576325757427, "theta_jn": 0.3631291118477807, "inverted_mass_ratio": 1.1745478785054304, "mass_1": 146.97798794408615, "mass_2": 125.13579959900004, "total_mass": 272.1137875430862, "symmetric_mass_ratio": 0.24838923861566958, "iota": 0.530361220862992, "spin_1x": 0.519582944327943, "spin_1y": 0.1432034977392907, "spin_1z": 0.16665017840883997, "spin_2x": -0.038793807894613765, "spin_2y": -0.17478121520272646, "spin_2z": -0.21078240461373043, "phi_1": 0.2689354569899649, "phi_2": 4.493973369446503, "chi_eff": -0.006918123652175284, "chi_p": 0.538956100068699, "final_mass": 258.6125930986475, "final_spin": 0.6974391619293862, "final_kick": 1241.1175000608612, "cos_tilt_1": 0.2954094156142048, "cos_tilt_2": -0.7621718024223565, "redshift": 0.9404777669631942, "comoving_distance": 3242.176621251082, "mass_1_source": 75.74319605532173, "mass_2_source": 64.48710813875228, "total_mass_source": 140.230304194074, "chirp_mass_source": 60.80251476532317, "final_mass_source": 133.27263908999618, "radiated_energy": 6.957665104077819, "H1_time": 1242442967.427474, "L1_time": 1242442967.4259405, "V1_time": 1242442967.443343, "H1_matched_filter_snr": 8.11818329456699, "L1_matched_filter_snr": 11.994949075060376, "V1_matched_filter_snr": 2.534289728035767, "cos_iota": 0.8626244050391975, "peak_luminosity": 3.6726133751345835, "f_ref": 11}