{"mass_1": 131.50357474048286, "mass_2": 127.23528913981141, "ra": 6.2647383388628874, "dec": -1.146086670605172, "psi": 2.303002605402797, "geocent_time": 1242442967.4077148, "f_ref": 11, "a_1": 0.7352232236536275, "a_2": 0.9590331780723427, "tilt_1": 1.1573410453291315, "tilt_2": 2.218021995503862, "phi_12": 4.594440644038769, "phi_jl": 3.482840381507966, "theta_jn": 1.0385432770783842, "luminosity_distance": 446.27480845944126, "phase": 1.3073304320866896}