{"mass_1": 234.32425684890697, "mass_2": 52.75251565967183, "ra": 3.3175650740904525, "dec": 0.5249111651356306, "psi": 2.0026620372356927, "geocent_time": 1242442967.4500594, "a_1": 0.9370738647730282, "a_2": 0.4016189041827579, "tilt_1": 1.1314120818009474, "tilt_2": 0.4286920245650724, "phi_12": 0.25055794927096225, "phi_jl": 3.793395140176096, "theta_jn": 0.4452692935550125, "luminosity_distance": 5973.1723703610505, "phase": 3.011826750175907, "f_ref": 11}