{"H1_matched_filter_abs_snr": 8.038786924385038, "H1_matched_filter_snr_angle": 0.06718494124820917, "H1_optimal_snr": 8.730455699519434, "H1_spcal_amp_0": 0.04226970752032835, "H1_spcal_amp_1": -0.009825236551071832, "H1_spcal_amp_2": -0.0009994103403746857, "H1_spcal_amp_3": -0.01711484784725082, "H1_spcal_amp_4": 0.013381791026021425, "H1_spcal_amp_5": -0.011604243526643227, "H1_spcal_amp_6": -0.011688673362298141, "H1_spcal_amp_7": 0.014340529479319224, "H1_spcal_amp_8": -0.014565971806266804, "H1_spcal_amp_9": 0.0094429923689462, "H1_spcal_phase_0": -0.04326033800713568, "H1_spcal_phase_1": -0.05663235387977607, "H1_spcal_phase_2": 0.024744778782299314, "H1_spcal_phase_3": -0.0016672865801698952, "H1_spcal_phase_4": 0.019606976435655066, "H1_spcal_phase_5": -0.02233278790407328, "H1_spcal_phase_6": -0.0011510928493713587, "H1_spcal_phase_7": -0.006050268824026008, "H1_spcal_phase_8": 0.0015382019646666151, "H1_spcal_phase_9": 0.004288407378267254, "L1_matched_filter_abs_snr": 12.097395533165445, "L1_matched_filter_snr_angle": -0.011334285618555885, "L1_optimal_snr": 11.507733978598178, "L1_spcal_amp_0": 0.043196870581318235, "L1_spcal_amp_1": -0.01444812979446887, "L1_spcal_amp_2": 0.02101535024458885, "L1_spcal_amp_3": -0.061401363297978004, "L1_spcal_amp_4": 0.03402644335357401, "L1_spcal_amp_5": 0.002633954629194848, "L1_spcal_amp_6": 0.011914347770046128, "L1_spcal_amp_7": -0.0022761128160729174, "L1_spcal_amp_8": 0.0018818704679276663, "L1_spcal_amp_9": 0.006321413814054072, "L1_spcal_phase_0": 0.002590224882635167, "L1_spcal_phase_1": -2.80564693617554e-05, "L1_spcal_phase_2": -0.01964210801218998, "L1_spcal_phase_3": 0.09829296208456932, "L1_spcal_phase_4": 0.006046206882941475, "L1_spcal_phase_5": 0.03932577282880288, "L1_spcal_phase_6": 0.005607431643499721, "L1_spcal_phase_7": -0.0029439389854601806, "L1_spcal_phase_8": 0.0007837541536756315, "L1_spcal_phase_9": 0.017423786679970462, "V1_matched_filter_abs_snr": 3.2407287063692274, "V1_matched_filter_snr_angle": -0.3051376183328491, "V1_optimal_snr": 2.50077871810061, "V1_spcal_amp_0": 0.012176096385591775, "V1_spcal_amp_1": -0.0036518635198049283, "V1_spcal_amp_2": -0.0044981727894114806, "V1_spcal_amp_3": -0.007953048531599699, "V1_spcal_amp_4": 0.03445681069464812, "V1_spcal_amp_5": -0.024467208384943824, "V1_spcal_amp_6": 0.09815586897297882, "V1_spcal_amp_7": -0.049961403180659295, "V1_spcal_amp_8": 0.0015948837396751515, "V1_spcal_amp_9": -0.0859396786497272, "V1_spcal_phase_0": 0.06795444183438486, "V1_spcal_phase_1": 0.04128323585210282, "V1_spcal_phase_2": 0.01804819795221989, "V1_spcal_phase_3": -0.0462239921532807, "V1_spcal_phase_4": -0.002622770502565013, "V1_spcal_phase_5": -0.01272707433748706, "V1_spcal_phase_6": -0.04962523607502546, "V1_spcal_phase_7": -0.009013138655947108, "V1_spcal_phase_8": -0.03521044313611387, "V1_spcal_phase_9": -0.046544929417241365, "azimuth": 2.0527189081256743, "cosalpha": -0.24434103878100227, "cos_theta_jn": 0.8856177564263082, "deltalogL": 109.5072293938174, "deltaloglH1": 31.913509386824444, "deltaloglL1": 72.9906969542858, "deltaloglV1": 4.603023052706703, "log_likelihood": -11913.000159711137, "log_prior": 172.69134851034946, "logw": -7.624863116850367, "network_matched_filter_snr": 14.799801571454724, "network_optimal_snr": 14.659559756021302, "phase": 0.49934080873014386, "phi_12": 1.7001532513996072, "phi_jl": 1.0092821860096723, "mass_ratio": 0.9606223866090051, "t0": 1242442967.4254415, "geocent_time": 1242442967.4079473, "ra": 0.023428080605921053, "dec": -1.1200649982152924, "luminosity_distance": 6251.513480352925, "psi": 2.1146846224491425, "chirp_mass": 127.70363594376148, "a_1": 0.918003097888288, "a_2": 0.945811130885986, "tilt_1": 1.8918248518972913, "tilt_2": 0.3162306749395833, "theta_jn": 0.48297381594240646, "inverted_mass_ratio": 1.0409917715222083, "mass_1": 149.67540156242913, "mass_2": 143.78154146556187, "total_mass": 293.456943027991, "symmetric_mass_ratio": 0.24989915581141592, "iota": 0.30933654555522816, "spin_1x": -0.8557417797329775, "spin_1y": 0.16287252406449398, "spin_1z": -0.28966918209707815, "spin_2x": -0.017262406973459692, "spin_2y": -0.2936273662188544, "spin_2z": 0.8989124954191531, "phi_1": 2.953513136469951, "phi_2": 4.653666387869557, "chi_eff": 0.2926857759681205, "chi_p": 0.8711035832067866, "final_mass": 275.1527392347743, "final_spin": 0.7837112038766523, "final_kick": 1774.9837884419585, "cos_tilt_1": -0.31554270651527594, "cos_tilt_2": 0.9504143756239148, "redshift": 0.9356403201091895, "comoving_distance": 3229.687573332344, "mass_1_source": 77.32604038439638, "mass_2_source": 74.28112546108315, "total_mass_source": 151.60716584547953, "chirp_mass_source": 65.97487901913394, "final_mass_source": 142.1507582665218, "radiated_energy": 9.456407578957737, "H1_time": 1242442967.427888, "L1_time": 1242442967.4254415, "V1_time": 1242442967.4184406, "H1_matched_filter_snr": 8.020650943950217, "L1_matched_filter_snr": 12.096618489292478, "V1_matched_filter_snr": 3.091025245542136, "cos_iota": 0.9525357527839466, "peak_luminosity": 4.288607603499223, "f_ref": 11}