{"H1_matched_filter_abs_snr": 8.647249444696078, "H1_matched_filter_snr_angle": -0.08001852613255261, "H1_optimal_snr": 9.053903583012389, "H1_spcal_amp_0": 0.029468913530683087, "H1_spcal_amp_1": 0.010541699320295703, "H1_spcal_amp_2": -0.008830535645404017, "H1_spcal_amp_3": 0.008865750189750981, "H1_spcal_amp_4": 0.010357801994821498, "H1_spcal_amp_5": 0.010295099318178862, "H1_spcal_amp_6": -0.009503447728044834, "H1_spcal_amp_7": -0.003425243412021017, "H1_spcal_amp_8": -0.012375971745332176, "H1_spcal_amp_9": -0.0024513890529069458, "H1_spcal_phase_0": -0.043131647554040045, "H1_spcal_phase_1": -0.05982421436069242, "H1_spcal_phase_2": -0.017232843091653457, "H1_spcal_phase_3": 0.005837381384072384, "H1_spcal_phase_4": -0.018047204739232554, "H1_spcal_phase_5": -0.01757687679697344, "H1_spcal_phase_6": -0.01169489848436467, "H1_spcal_phase_7": -0.0036293164162025425, "H1_spcal_phase_8": 0.0030320480129783704, "H1_spcal_phase_9": 0.008229905297206514, "L1_matched_filter_abs_snr": 12.382905387686542, "L1_matched_filter_snr_angle": 0.020835783107327133, "L1_optimal_snr": 12.402611954445394, "L1_spcal_amp_0": 0.013442984851486248, "L1_spcal_amp_1": -0.019733182387145984, "L1_spcal_amp_2": -0.04250516721692906, "L1_spcal_amp_3": 0.04420967083811047, "L1_spcal_amp_4": 0.07063899334606494, "L1_spcal_amp_5": -0.005271903579887835, "L1_spcal_amp_6": -0.008960029248540948, "L1_spcal_amp_7": 0.020986454283008348, "L1_spcal_amp_8": -0.010417358723416315, "L1_spcal_amp_9": 0.011427862893647805, "L1_spcal_phase_0": 0.012309123451181637, "L1_spcal_phase_1": 0.011008703928541553, "L1_spcal_phase_2": 0.011909452974749227, "L1_spcal_phase_3": 0.07023214123111544, "L1_spcal_phase_4": -0.024497291691274986, "L1_spcal_phase_5": 0.03035008401793376, "L1_spcal_phase_6": -0.026479827956328934, "L1_spcal_phase_7": 0.0022612091645935434, "L1_spcal_phase_8": 0.001799069271846718, "L1_spcal_phase_9": 0.0020549533417306325, "V1_matched_filter_abs_snr": 3.158089490480384, "V1_matched_filter_snr_angle": -0.11270646625736198, "V1_optimal_snr": 2.955834883064669, "V1_spcal_amp_0": 0.05695285755911691, "V1_spcal_amp_1": -0.01659789561173504, "V1_spcal_amp_2": -0.06545313039275946, "V1_spcal_amp_3": -0.04329316223814739, "V1_spcal_amp_4": -0.04142544735650277, "V1_spcal_amp_5": 0.04126689984373088, "V1_spcal_amp_6": -0.05108034969398956, "V1_spcal_amp_7": 0.011810523071220146, "V1_spcal_amp_8": -0.09781326022400431, "V1_spcal_amp_9": -0.009960943446557902, "V1_spcal_phase_0": 0.025633951503787996, "V1_spcal_phase_1": -0.0012510277523324444, "V1_spcal_phase_2": -0.025382353106436047, "V1_spcal_phase_3": -0.0227888164480617, "V1_spcal_phase_4": -0.003112221152057745, "V1_spcal_phase_5": -0.02058502028757562, "V1_spcal_phase_6": 0.07063361095538807, "V1_spcal_phase_7": -0.02103678912611912, "V1_spcal_phase_8": 0.055194057238768544, "V1_spcal_phase_9": -0.0793986154039244, "azimuth": 2.109182845839948, "cosalpha": -0.2121153506536627, "cos_theta_jn": 0.5790046482349975, "deltalogL": 118.5959911673308, "deltaloglH1": 37.05426298875818, "deltaloglL1": 76.6346430396843, "deltaloglV1": 4.907085138888306, "log_likelihood": -11903.911397937623, "log_prior": 173.27138733482795, "logw": -7.624863116850367, "network_matched_filter_snr": 15.402827856961187, "network_optimal_snr": 15.63761213353811, "phase": 0.004065056045138988, "phi_12": 1.0432843015872384, "phi_jl": 2.486034380366317, "mass_ratio": 0.8192855485546815, "t0": 1242442967.4245317, "geocent_time": 1242442967.4071622, "ra": 0.16416072898840461, "dec": -1.1434284511661967, "luminosity_distance": 2941.0271237463094, "psi": 2.38228957725698, "chirp_mass": 116.32090970592468, "a_1": 0.08975203399768221, "a_2": 0.8951748053748325, "tilt_1": 0.9200245411546757, "tilt_2": 1.4103309356648293, "theta_jn": 0.9532889709015698, "inverted_mass_ratio": 1.2205756610306633, "mass_1": 147.76677239410793, "mass_2": 121.06318117906149, "total_mass": 268.8299535731694, "symmetric_mass_ratio": 0.24753325624833555, "iota": 0.8342075065402585, "spin_1x": 0.007889071469776429, "spin_1y": -0.07097107365477878, "spin_1z": 0.05437183887228593, "spin_2x": 0.8080196549352444, "spin_2y": -0.35774977159164434, "spin_2z": 0.14302891435763668, "phi_1": 4.823093476867525, "phi_2": 5.866377778454764, "chi_eff": 0.09429710556831071, "chi_p": 0.7037221078669005, "final_mass": 255.31620886741993, "final_spin": 0.7225215530027839, "final_kick": 36.15728403338779, "cos_tilt_1": 0.6058006314786142, "cos_tilt_2": 0.15977763616542673, "redshift": 0.5038670353642052, "comoving_distance": 1955.6430578490933, "mass_1_source": 98.25787048940926, "mass_2_source": 80.50125332373052, "total_mass_source": 178.75912381313978, "chirp_mass_source": 77.34786850870375, "final_mass_source": 169.77312678815895, "radiated_energy": 8.985997024980833, "H1_time": 1242442967.4266555, "L1_time": 1242442967.4245317, "V1_time": 1242442967.4187782, "H1_matched_filter_snr": 8.619580197477111, "L1_matched_filter_snr": 12.380217590449497, "V1_matched_filter_snr": 3.1380525076060777, "cos_iota": 0.6717649444704428, "peak_luminosity": 3.7804514858196834, "f_ref": 11}