{"H1_matched_filter_abs_snr": 8.018074622502814, "H1_matched_filter_snr_angle": -0.2576190310582725, "H1_optimal_snr": 6.781415544741745, "H1_spcal_amp_0": 0.06689803268016961, "H1_spcal_amp_1": -0.02453804866294564, "H1_spcal_amp_2": -0.016658192160912445, "H1_spcal_amp_3": -0.03186316541639288, "H1_spcal_amp_4": -0.00663131062365978, "H1_spcal_amp_5": 0.011545238949943979, "H1_spcal_amp_6": -0.00909435946018256, "H1_spcal_amp_7": 0.011342048405899113, "H1_spcal_amp_8": -0.002498941153372983, "H1_spcal_amp_9": 0.012673906188027018, "H1_spcal_phase_0": -0.027224255601870397, "H1_spcal_phase_1": 0.02560715537765307, "H1_spcal_phase_2": -0.025911100300131978, "H1_spcal_phase_3": -0.0027366932540654355, "H1_spcal_phase_4": 0.027624383500929536, "H1_spcal_phase_5": -0.02435905777582933, "H1_spcal_phase_6": -0.007320751417460821, "H1_spcal_phase_7": 0.006961795451722532, "H1_spcal_phase_8": 0.011102940225669359, "H1_spcal_phase_9": 0.0017549991747318953, "L1_matched_filter_abs_snr": 11.807041755925875, "L1_matched_filter_snr_angle": 0.04143852169424693, "L1_optimal_snr": 9.67562951651077, "L1_spcal_amp_0": 0.026176896968744638, "L1_spcal_amp_1": -0.02009204540874404, "L1_spcal_amp_2": 0.004108571803878385, "L1_spcal_amp_3": -0.00445790576536697, "L1_spcal_amp_4": 0.03732339815061922, "L1_spcal_amp_5": -0.027694769771917104, "L1_spcal_amp_6": -0.00672398652919541, "L1_spcal_amp_7": 0.012650250817717578, "L1_spcal_amp_8": 0.006018299798192713, "L1_spcal_amp_9": 0.003967467897750458, "L1_spcal_phase_0": -0.01979031366741568, "L1_spcal_phase_1": 0.010632282348946526, "L1_spcal_phase_2": -0.03654213584058523, "L1_spcal_phase_3": -0.01542508552498482, "L1_spcal_phase_4": 0.046925123842167536, "L1_spcal_phase_5": -0.009008508440658545, "L1_spcal_phase_6": 0.0002453675749805133, "L1_spcal_phase_7": 0.01604020879180423, "L1_spcal_phase_8": 0.002522193948549057, "L1_spcal_phase_9": 0.011171981644362956, "V1_matched_filter_abs_snr": 2.1648278092225284, "V1_matched_filter_snr_angle": -1.092356497874189, "V1_optimal_snr": 1.1782810750196642, "V1_spcal_amp_0": -0.07494684837882151, "V1_spcal_amp_1": 0.011783552426347344, "V1_spcal_amp_2": 0.004137437029068158, "V1_spcal_amp_3": -0.0007889227727412925, "V1_spcal_amp_4": -0.023085618057986736, "V1_spcal_amp_5": -0.07428619739733304, "V1_spcal_amp_6": -0.04391801543089913, "V1_spcal_amp_7": 0.06063976860479614, "V1_spcal_amp_8": 0.09437475012087224, "V1_spcal_amp_9": -0.002854803731667162, "V1_spcal_phase_0": 0.008449286907769967, "V1_spcal_phase_1": -0.06550403509774169, "V1_spcal_phase_2": 0.03893030721503607, "V1_spcal_phase_3": 0.005139706875040715, "V1_spcal_phase_4": 0.03470677767634811, "V1_spcal_phase_5": 0.036890686598242885, "V1_spcal_phase_6": 0.04037754924991967, "V1_spcal_phase_7": -0.042979771990448654, "V1_spcal_phase_8": -0.051256805075670896, "V1_spcal_phase_9": 0.1033094181904414, "azimuth": 1.2768522500589161, "cosalpha": -0.17209844766441537, "cos_theta_jn": -0.6876346182880817, "deltalogL": 97.39950188603143, "deltaloglH1": 29.58572299036132, "deltaloglL1": 67.33358832858812, "deltaloglV1": 0.48019056708335484, "log_likelihood": -11925.107887218923, "log_prior": 167.3900550260584, "logw": -7.624863116850367, "network_matched_filter_snr": 14.139739020711295, "network_optimal_snr": 11.874078895770774, "phase": 1.0437978351080015, "phi_12": 4.289550767301207, "phi_jl": 5.250880466503292, "mass_ratio": 0.6711389372002141, "t0": 1242442967.425296, "geocent_time": 1242442967.407542, "ra": 5.872063169297147, "dec": -0.41407093800309897, "luminosity_distance": 4368.61745665968, "psi": 1.9999169685550626, "chirp_mass": 111.36592789294006, "a_1": 0.0337260185960169, "a_2": 0.9017033836213404, "tilt_1": 0.7735559320580805, "tilt_2": 1.8024314433627597, "theta_jn": 2.3290224860522692, "inverted_mass_ratio": 1.4900044455350683, "mass_1": 156.77159976224024, "mass_2": 105.21552484760727, "total_mass": 261.9871246098475, "symmetric_mass_ratio": 0.24031856343836458, "iota": 2.474204849202516, "spin_1x": -0.02355240795017097, "spin_1y": 0.0007332293755794971, "spin_1z": 0.024128629981215018, "spin_2x": 0.38486125975154334, "spin_2y": 0.7887334137981316, "spin_2z": -0.20700339305184123, "phi_1": 3.1104708831461103, "phi_2": 1.116836343267729, "chi_eff": -0.06869530993082364, "chi_p": 0.5567941400763577, "final_mass": 250.37988561620938, "final_spin": 0.660288383380474, "final_kick": 846.2484278204129, "cos_tilt_1": 0.7154307263551308, "cos_tilt_2": -0.22956927611881942, "redshift": 0.6987120650669677, "comoving_distance": 2571.7233241792665, "mass_1_source": 92.28850667877012, "mass_2_source": 61.93841028818465, "total_mass_source": 154.22691696695478, "chirp_mass_source": 65.55903745144103, "final_mass_source": 147.39395260981956, "radiated_energy": 6.832964357135211, "H1_time": 1242442967.4270191, "L1_time": 1242442967.425296, "V1_time": 1242442967.402899, "H1_matched_filter_snr": 7.753472861041828, "L1_matched_filter_snr": 11.796905969187568, "V1_matched_filter_snr": 0.9966753585847852, "cos_iota": -0.785441126679074, "peak_luminosity": 3.312540927838479, "f_ref": 11}