{"H1_matched_filter_abs_snr": 7.815387006184183, "H1_matched_filter_snr_angle": 0.0997046788668507, "H1_optimal_snr": 8.158489018889735, "H1_spcal_amp_0": 0.022226961594336438, "H1_spcal_amp_1": -0.010367538297403299, "H1_spcal_amp_2": -0.010167477757218267, "H1_spcal_amp_3": -0.022944687323576542, "H1_spcal_amp_4": -0.0030671995712753765, "H1_spcal_amp_5": -0.013806908903285687, "H1_spcal_amp_6": 0.013751446681724252, "H1_spcal_amp_7": -0.021941591753888434, "H1_spcal_amp_8": -0.000836066100892253, "H1_spcal_amp_9": 0.009948008476860533, "H1_spcal_phase_0": -0.030862417233584155, "H1_spcal_phase_1": -0.03495734380125176, "H1_spcal_phase_2": 0.006382424746240919, "H1_spcal_phase_3": -0.014816172172101906, "H1_spcal_phase_4": -0.022563309468271286, "H1_spcal_phase_5": 0.00881423571675724, "H1_spcal_phase_6": 0.0007722923146457892, "H1_spcal_phase_7": 0.01068796513160017, "H1_spcal_phase_8": 0.004439676498204817, "H1_spcal_phase_9": -0.0027815054215784576, "L1_matched_filter_abs_snr": 11.811958970908854, "L1_matched_filter_snr_angle": -0.05786278849258052, "L1_optimal_snr": 11.279727281484377, "L1_spcal_amp_0": -0.009502569429251791, "L1_spcal_amp_1": -0.026399845195005333, "L1_spcal_amp_2": 0.04916585612340052, "L1_spcal_amp_3": 0.00549033318606433, "L1_spcal_amp_4": 0.00880923174712306, "L1_spcal_amp_5": -0.020257803325457457, "L1_spcal_amp_6": 0.006916933203740373, "L1_spcal_amp_7": 0.01421698872005916, "L1_spcal_amp_8": 0.00346280745614372, "L1_spcal_amp_9": 0.003994909756458269, "L1_spcal_phase_0": -0.001734123322866476, "L1_spcal_phase_1": 0.013552047615802854, "L1_spcal_phase_2": -0.024354019571722233, "L1_spcal_phase_3": 0.029678277689809598, "L1_spcal_phase_4": 0.01570438580318529, "L1_spcal_phase_5": 0.009652881603640853, "L1_spcal_phase_6": -0.01887813805745654, "L1_spcal_phase_7": 0.012259242239540108, "L1_spcal_phase_8": 0.012371877927483153, "L1_spcal_phase_9": 0.01981825104624703, "V1_matched_filter_abs_snr": 2.5679836241383804, "V1_matched_filter_snr_angle": 0.503935967535176, "V1_optimal_snr": 1.570157272903701, "V1_spcal_amp_0": 0.027897071960193878, "V1_spcal_amp_1": 0.06214183683069792, "V1_spcal_amp_2": -0.002188612635438658, "V1_spcal_amp_3": 0.03465297726068747, "V1_spcal_amp_4": -0.07733111808574158, "V1_spcal_amp_5": 0.059130978942641625, "V1_spcal_amp_6": 0.020344020361869917, "V1_spcal_amp_7": -0.02367207455817257, "V1_spcal_amp_8": 0.07017892717111338, "V1_spcal_amp_9": -0.021522115097652804, "V1_spcal_phase_0": -0.01905434230240114, "V1_spcal_phase_1": 0.0236156491368268, "V1_spcal_phase_2": -0.04428026188752423, "V1_spcal_phase_3": 0.024989487577617132, "V1_spcal_phase_4": 0.021656915497457827, "V1_spcal_phase_5": -0.01115731987565447, "V1_spcal_phase_6": 0.026447862181893766, "V1_spcal_phase_7": -0.0015013427568821426, "V1_spcal_phase_8": 0.03603366039086535, "V1_spcal_phase_9": 0.08419457050628032, "azimuth": 1.8669889151441053, "cosalpha": -0.1957114702647356, "cos_theta_jn": -0.9271643651315543, "deltalogL": 101.85938361768785, "deltaloglH1": 30.164611488504306, "deltaloglL1": 69.39657096780593, "deltaloglV1": 2.298201161378529, "log_likelihood": -11920.648005487266, "log_prior": 177.73110708642176, "logw": -7.624863116850367, "network_matched_filter_snr": 14.275491633070429, "network_optimal_snr": 14.009232115917692, "phase": 3.7929887630459644, "phi_12": 5.975461069286527, "phi_jl": 5.2587804596849175, "mass_ratio": 0.6390657814122728, "t0": 1242442967.4266403, "geocent_time": 1242442967.407691, "ra": 6.196923687038674, "dec": -0.9406353904777655, "luminosity_distance": 4899.5313027491, "psi": 0.3694503251450299, "chirp_mass": 121.35163640174659, "a_1": 0.6577124439445482, "a_2": 0.7076470766601684, "tilt_1": 1.5999836075996687, "tilt_2": 1.33286635564989, "theta_jn": 2.7575681950929316, "inverted_mass_ratio": 1.5647841412977832, "mass_1": 175.24174755070695, "mass_2": 111.99100433454477, "total_mass": 287.23275188525173, "symmetric_mass_ratio": 0.23787718838339014, "iota": 2.932207645971521, "spin_1x": 0.6441170126492359, "spin_1y": -0.1316454290470223, "spin_1z": -0.019194112283722885, "spin_2x": 0.6004213292189583, "spin_2y": -0.33532212518278276, "spin_2z": 0.16678634502717513, "phi_1": 6.081580594859837, "phi_2": 5.773856356966777, "chi_eff": 0.053318990989284616, "chi_p": 0.6574323120847884, "final_mass": 273.0687153194792, "final_spin": 0.729678592289477, "final_kick": 589.3765861169524, "cos_tilt_1": -0.029183136886704725, "cos_tilt_2": 0.23569142094721124, "redshift": 0.767394191535722, "comoving_distance": 2772.178016803699, "mass_1_source": 99.15261031747316, "mass_2_source": 63.36504039160256, "total_mass_source": 162.51765070907572, "chirp_mass_source": 68.66133032625952, "final_mass_source": 154.5035717709385, "radiated_energy": 8.014078938137231, "H1_time": 1242442967.4286, "L1_time": 1242442967.4266405, "V1_time": 1242442967.4150095, "H1_matched_filter_snr": 7.776572705716613, "L1_matched_filter_snr": 11.792190663905906, "V1_matched_filter_snr": 2.248754410240049, "cos_iota": -0.9781589310130848, "peak_luminosity": 3.3430955088792302, "f_ref": 11}