{"chirp_mass": 17.05154497989469, "mass_ratio": 0.3183945489993522, "a_1": 0.29526500202350264, "a_2": 0.23262056301313416, "tilt_1": 1.0264673717225983, "tilt_2": 2.1701305583885513, "phi_12": 5.0962562029664955, "phi_jl": 2.518241237045709, "luminosity_distance": 147.2983560174788, "dec": 0.2205292600865073, "ra": 3.952677097361719, "theta_jn": 1.8795187965094322, "psi": 2.6973435044499543, "phase": 3.686990398567503, "geocent_time": 1238175800.0930877, "reference_frequency": 20.0, "waveform_approximant": "IMRPhenomXPHM", "minimum_frequency": 10.0, "total_mass": 47.21052599466827, "mass_1": 35.80910284444104, "mass_2": 11.401423150227226, "symmetric_mass_ratio": 0.1831786383654629, "iota": 1.7804845421158362, "spin_1x": -0.10671563538235436, "spin_1y": 0.22894191744372092, "spin_1z": 0.15290125251963077, "spin_2x": 0.13103231003013524, "spin_2y": 0.1404431437424346, "spin_2z": -0.131219600062094, "phi_1": 2.0069788968447924, "phi_2": 0.8200497926317025, "chi_eff": 0.08428557841226297, "chi_1_in_plane": 0.252591821716118, "chi_2_in_plane": 0.19207743984156916, "chi_p": 0.252591821716118, "cos_tilt_1": 0.517844144994401, "cos_tilt_2": -0.564092865920392, "redshift": 0.03248198306899954, "comoving_distance": 142.6643356511562, "mass_1_source": 34.68254500480515, "mass_2_source": 11.04273327495467, "chirp_mass_source": 16.515101725271613, "total_mass_source": 45.72527827975982}